{
  "generated_at": "2026-02-20 22:46:45",
  "rounds": 3,
  "results": [
    {
      "round": 1,
      "redis_port": 6385,
      "mini_redis_port": 63946,
      "lua_log": "tmp/comparison/lua_js_gate/redis_lua_round1_20260220_224637.log",
      "js_log": "tmp/comparison/lua_js_gate/mini_js_round1_20260220_224637.log",
      "lua_rps": {
        "hello": 13152.558691862823,
        "keys_argv": 10680.07611455285,
        "redis_call": 13012.65103597,
        "incrby": 13646.707220131628,
        "lrange": 11662.572617737302,
        "hash_sum": 4905.96555927141,
        "set_members": 7212.354705912389,
        "bulk_incr": 10386.058447543903
      },
      "js_rps": {
        "hello": 25113.152961125765,
        "keys_argv": 17542.532418051702,
        "redis_call": 26298.545586549804,
        "incrby": 27118.322324989367,
        "lrange": 18939.543518743325,
        "hash_sum": 762.9442223024963,
        "set_members": 1800.0679525652072,
        "bulk_incr": 1966.424932957199
      },
      "ratios": {
        "bulk_incr": 0.18933312795117377,
        "hash_sum": 0.1555135707915165,
        "hello": 1.9093739514473849,
        "incrby": 1.9871696437499888,
        "keys_argv": 1.642547509015217,
        "lrange": 1.623959321799949,
        "redis_call": 2.020998297261219,
        "set_members": 0.2495811736893065
      },
      "avg_ratio": 1.2223095744632195
    },
    {
      "round": 2,
      "redis_port": 6386,
      "mini_redis_port": 63959,
      "lua_log": "tmp/comparison/lua_js_gate/redis_lua_round2_20260220_224640.log",
      "js_log": "tmp/comparison/lua_js_gate/mini_js_round2_20260220_224640.log",
      "lua_rps": {
        "hello": 13188.693633650086,
        "keys_argv": 10633.942481005122,
        "redis_call": 13555.228630551439,
        "incrby": 13447.393407017347,
        "lrange": 11688.42174163328,
        "hash_sum": 4892.780185832035,
        "set_members": 7099.611381472202,
        "bulk_incr": 10303.052969746836
      },
      "js_rps": {
        "hello": 28529.34778344798,
        "keys_argv": 17510.630462982906,
        "redis_call": 23447.16270397697,
        "incrby": 24204.60169173707,
        "lrange": 17919.34056826708,
        "hash_sum": 747.7709415588967,
        "set_members": 1759.843445265692,
        "bulk_incr": 1962.118041021349
      },
      "ratios": {
        "bulk_incr": 0.19044044971745513,
        "hash_sum": 0.15283150134645493,
        "hello": 2.163167071426788,
        "incrby": 1.7999474663324873,
        "keys_argv": 1.6466734227932178,
        "lrange": 1.5330847024829481,
        "redis_call": 1.7297504411788824,
        "set_members": 0.2478788416304505
      },
      "avg_ratio": 1.1829717371135855
    },
    {
      "round": 3,
      "redis_port": 6387,
      "mini_redis_port": 63969,
      "lua_log": "tmp/comparison/lua_js_gate/redis_lua_round3_20260220_224643.log",
      "js_log": "tmp/comparison/lua_js_gate/mini_js_round3_20260220_224643.log",
      "lua_rps": {
        "hello": 13062.41527023515,
        "keys_argv": 10763.118559787104,
        "redis_call": 12746.055267966312,
        "incrby": 13281.233974323533,
        "lrange": 10251.972151378814,
        "hash_sum": 4922.262382049467,
        "set_members": 7193.374844221469,
        "bulk_incr": 10341.766423345605
      },
      "js_rps": {
        "hello": 28091.72859558465,
        "keys_argv": 15059.711719317816,
        "redis_call": 23972.683031794535,
        "incrby": 24299.884780881308,
        "lrange": 18089.16613068468,
        "hash_sum": 739.0153078719421,
        "set_members": 1736.552444659489,
        "bulk_incr": 1899.4279252323377
      },
      "ratios": {
        "bulk_incr": 0.1836657150701596,
        "hash_sum": 0.15013732517937017,
        "hello": 2.150576904379717,
        "incrby": 1.8296405912176545,
        "keys_argv": 1.3991959333778536,
        "lrange": 1.7644572052658007,
        "redis_call": 1.8807923336126786,
        "set_members": 0.2414099754657557
      },
      "avg_ratio": 1.1999844979461238
    }
  ],
  "aggregate": {
    "case_summary": {
      "bulk_incr": {
        "mean": 0.18781309757959616,
        "median": 0.18933312795117377,
        "min": 0.1836657150701596,
        "max": 0.19044044971745513
      },
      "hash_sum": {
        "mean": 0.1528274657724472,
        "median": 0.15283150134645493,
        "min": 0.15013732517937017,
        "max": 0.1555135707915165
      },
      "hello": {
        "mean": 2.074372642417963,
        "median": 2.150576904379717,
        "min": 1.9093739514473849,
        "max": 2.163167071426788
      },
      "incrby": {
        "mean": 1.8722525671000436,
        "median": 1.8296405912176545,
        "min": 1.7999474663324873,
        "max": 1.9871696437499888
      },
      "keys_argv": {
        "mean": 1.562805621728763,
        "median": 1.642547509015217,
        "min": 1.3991959333778536,
        "max": 1.6466734227932178
      },
      "lrange": {
        "mean": 1.640500409849566,
        "median": 1.623959321799949,
        "min": 1.5330847024829481,
        "max": 1.7644572052658007
      },
      "redis_call": {
        "mean": 1.8771803573509267,
        "median": 1.8807923336126786,
        "min": 1.7297504411788824,
        "max": 2.020998297261219
      },
      "set_members": {
        "mean": 0.24628999692850423,
        "median": 0.2478788416304505,
        "min": 0.2414099754657557,
        "max": 0.2495811736893065
      }
    },
    "overall": {
      "mean": 1.2017552698409764,
      "median": 1.1999844979461238,
      "min": 1.1829717371135855,
      "max": 1.2223095744632195
    }
  }
}
