{
  "generated_at": "2026-03-12 10:56:08",
  "rounds": 3,
  "results": [
    {
      "round": 1,
      "redis_port": 6385,
      "mini_redis_port": 61085,
      "lua_log": "tmp/comparison/lua_js_gate/redis_lua_round1_20260312_105604.log",
      "js_log": "tmp/comparison/lua_js_gate/mini_js_round1_20260312_105604.log",
      "lua_rps": {
        "hello": 15211.328052452065,
        "keys_argv": 12784.716270581668,
        "redis_call": 16045.027738964862,
        "incrby": 16622.37496337882,
        "lrange": 13848.137858212393,
        "hash_sum": 5201.7821583102705,
        "set_members": 8131.853560063144,
        "bulk_incr": 12501.01987487146
      },
      "js_rps": {
        "hello": 38281.54159768014,
        "keys_argv": 27865.567085816343,
        "redis_call": 48457.73212531762,
        "incrby": 47657.0121026412,
        "lrange": 35269.99836241401,
        "hash_sum": 12891.85879117339,
        "set_members": 17313.893678264572,
        "bulk_incr": 23673.69878106492
      },
      "ratios": {
        "bulk_incr": 1.8937413921444823,
        "hash_sum": 2.4783542253067243,
        "hello": 2.5166469006306884,
        "incrby": 2.8670398909683836,
        "keys_argv": 2.1795999610829484,
        "lrange": 2.5469127129968423,
        "redis_call": 3.020108965448498,
        "set_members": 2.1291447946500073
      },
      "avg_ratio": 2.453943605403572
    },
    {
      "round": 2,
      "redis_port": 6386,
      "mini_redis_port": 61095,
      "lua_log": "tmp/comparison/lua_js_gate/redis_lua_round2_20260312_105605.log",
      "js_log": "tmp/comparison/lua_js_gate/mini_js_round2_20260312_105605.log",
      "lua_rps": {
        "hello": 17075.421522148154,
        "keys_argv": 12841.630800045348,
        "redis_call": 16763.417288326822,
        "incrby": 16856.891915817287,
        "lrange": 14140.196513381034,
        "hash_sum": 5431.879701970874,
        "set_members": 8059.767799164337,
        "bulk_incr": 12378.918701451443
      },
      "js_rps": {
        "hello": 49530.95301937099,
        "keys_argv": 27533.56082937969,
        "redis_call": 48432.453376196056,
        "incrby": 47715.89953417353,
        "lrange": 35188.44839246324,
        "hash_sum": 12961.692797079306,
        "set_members": 20033.834475250773,
        "bulk_incr": 24107.600901559963
      },
      "ratios": {
        "bulk_incr": 1.9474722698302653,
        "hash_sum": 2.386226041120969,
        "hello": 2.9007162695881608,
        "incrby": 2.8306463476461152,
        "keys_argv": 2.144086001077251,
        "lrange": 2.4885402659831493,
        "redis_call": 2.8891754314272133,
        "set_members": 2.485659013318963
      },
      "avg_ratio": 2.5090652049990108
    },
    {
      "round": 3,
      "redis_port": 6387,
      "mini_redis_port": 61106,
      "lua_log": "tmp/comparison/lua_js_gate/redis_lua_round3_20260312_105606.log",
      "js_log": "tmp/comparison/lua_js_gate/mini_js_round3_20260312_105606.log",
      "lua_rps": {
        "hello": 16766.848586973832,
        "keys_argv": 12790.569114326252,
        "redis_call": 16714.087038708538,
        "incrby": 16574.59135862961,
        "lrange": 13989.315660164553,
        "hash_sum": 4980.117544718381,
        "set_members": 7991.227337178946,
        "bulk_incr": 12257.32238138855
      },
      "js_rps": {
        "hello": 43534.808800561594,
        "keys_argv": 27544.90549535739,
        "redis_call": 47233.72724293779,
        "incrby": 47443.206153042236,
        "lrange": 35653.74819654427,
        "hash_sum": 12737.411011670129,
        "set_members": 19745.015502469872,
        "bulk_incr": 23441.92649502644
      },
      "ratios": {
        "bulk_incr": 1.912483474418567,
        "hash_sum": 2.557652685362552,
        "hello": 2.596481299078695,
        "incrby": 2.8624057828334206,
        "keys_argv": 2.1535324385609504,
        "lrange": 2.548641339052098,
        "redis_call": 2.8259830844214298,
        "set_members": 2.4708364146527004
      },
      "avg_ratio": 2.4910020647975517
    }
  ],
  "aggregate": {
    "case_summary": {
      "bulk_incr": {
        "mean": 1.9178990454644382,
        "median": 1.912483474418567,
        "min": 1.8937413921444823,
        "max": 1.9474722698302653
      },
      "hash_sum": {
        "mean": 2.4740776505967483,
        "median": 2.4783542253067243,
        "min": 2.386226041120969,
        "max": 2.557652685362552
      },
      "hello": {
        "mean": 2.671281489765848,
        "median": 2.596481299078695,
        "min": 2.5166469006306884,
        "max": 2.9007162695881608
      },
      "incrby": {
        "mean": 2.8533640071493065,
        "median": 2.8624057828334206,
        "min": 2.8306463476461152,
        "max": 2.8670398909683836
      },
      "keys_argv": {
        "mean": 2.1590728002403834,
        "median": 2.1535324385609504,
        "min": 2.144086001077251,
        "max": 2.1795999610829484
      },
      "lrange": {
        "mean": 2.52803143934403,
        "median": 2.5469127129968423,
        "min": 2.4885402659831493,
        "max": 2.548641339052098
      },
      "redis_call": {
        "mean": 2.911755827099047,
        "median": 2.8891754314272133,
        "min": 2.8259830844214298,
        "max": 3.020108965448498
      },
      "set_members": {
        "mean": 2.3618800742072237,
        "median": 2.4708364146527004,
        "min": 2.1291447946500073,
        "max": 2.485659013318963
      }
    },
    "overall": {
      "mean": 2.4846702917333783,
      "median": 2.4910020647975517,
      "min": 2.453943605403572,
      "max": 2.5090652049990108
    }
  }
}
