{
  "generated_at": "2026-03-12 11:54:05",
  "rounds": 1,
  "threads": 8,
  "total_per_case": 1000000,
  "results": [
    {
      "round": 1,
      "threads": 8,
      "total_per_case": 1000000,
      "redis_port": 6390,
      "mini_port": 61807,
      "lua_rps": {
        "hello": 68935.61443612445,
        "keys_argv": 61092.883412960655,
        "redis_call": 64367.471488931704,
        "incrby": 64234.75817253913,
        "lrange": 58530.79124693639,
        "hash_sum": 6603.992401340678,
        "set_members": 12124.061361308733,
        "bulk_incr": 25728.69029829077
      },
      "js_rps": {
        "hello": 89931.70361328553,
        "keys_argv": 83740.89825442081,
        "redis_call": 89338.08108617786,
        "incrby": 88331.99946846715,
        "lrange": 86488.35338574734,
        "hash_sum": 28310.823865727456,
        "set_members": 30371.1667114279,
        "bulk_incr": 25287.982095453623
      },
      "ratios": {
        "bulk_incr": 0.9828709429929114,
        "hash_sum": 4.286925566416471,
        "hello": 1.3045753541025735,
        "incrby": 1.3751433333212078,
        "keys_argv": 1.370714452751717,
        "lrange": 1.4776556329276396,
        "redis_call": 1.3879383331305777,
        "set_members": 2.505032414991793
      },
      "avg_ratio": 1.8363570038293613
    }
  ],
  "aggregate": {
    "case_summary": {
      "bulk_incr": {
        "ratio_mean": 0.9828709429929114,
        "ratio_median": 0.9828709429929114,
        "lua_rps_mean": 25728.69029829077,
        "js_rps_mean": 25287.982095453623
      },
      "hash_sum": {
        "ratio_mean": 4.286925566416471,
        "ratio_median": 4.286925566416471,
        "lua_rps_mean": 6603.992401340678,
        "js_rps_mean": 28310.823865727456
      },
      "hello": {
        "ratio_mean": 1.3045753541025735,
        "ratio_median": 1.3045753541025735,
        "lua_rps_mean": 68935.61443612445,
        "js_rps_mean": 89931.70361328553
      },
      "incrby": {
        "ratio_mean": 1.3751433333212078,
        "ratio_median": 1.3751433333212078,
        "lua_rps_mean": 64234.75817253913,
        "js_rps_mean": 88331.99946846715
      },
      "keys_argv": {
        "ratio_mean": 1.370714452751717,
        "ratio_median": 1.370714452751717,
        "lua_rps_mean": 61092.883412960655,
        "js_rps_mean": 83740.89825442081
      },
      "lrange": {
        "ratio_mean": 1.4776556329276396,
        "ratio_median": 1.4776556329276396,
        "lua_rps_mean": 58530.79124693639,
        "js_rps_mean": 86488.35338574734
      },
      "redis_call": {
        "ratio_mean": 1.3879383331305777,
        "ratio_median": 1.3879383331305777,
        "lua_rps_mean": 64367.471488931704,
        "js_rps_mean": 89338.08108617786
      },
      "set_members": {
        "ratio_mean": 2.505032414991793,
        "ratio_median": 2.505032414991793,
        "lua_rps_mean": 12124.061361308733,
        "js_rps_mean": 30371.1667114279
      }
    },
    "overall": {
      "mean": 1.8363570038293613,
      "median": 1.8363570038293613
    }
  }
}
